MasterID,Mag,Magerr,RA,Dec,MJD,Blend
1140070008841,12.42,0.05,253.46785,39.76028,53552.34825,0
1140070008841,12.44,0.05,253.46785,39.76029,53552.35698,0
1140070008841,12.41,0.05,253.46785,39.76032,53552.36573,0
1140070008841,12.42,0.05,253.46786,39.76034,53552.37444,0
1140070008841,12.44,0.05,253.46783,39.76026,53561.20974,0
1140070008841,12.38,0.05,253.4679,39.76026,53561.21723,0
1140070008841,12.43,0.05,253.46788,39.76027,53561.22485,0
1140070008841,12.36,0.05,253.46782,39.76028,53526.3025,0
1140070008841,12.37,0.05,253.46783,39.76034,53526.31327,0
1140070008841,12.37,0.05,253.46784,39.7603,53526.32384,0
1140070008841,12.38,0.05,253.46778,39.76035,53526.33417,0
1140070008841,12.38,0.05,253.46778,39.76034,53534.31197,0
1140070008841,12.38,0.05,253.46779,39.76029,53534.32092,0
1140070008841,12.4,0.05,253.46779,39.76031,53534.32938,0
1140070008841,12.39,0.05,253.46777,39.76028,53534.33776,0
1140070008841,12.51,0.05,253.46792,39.76033,53686.05926,0
1140070008841,12.48,0.05,253.4679,39.7603,53686.06774,0
1140070008841,12.49,0.05,253.46761,39.7605,53686.07198,0
1140070008841,12.44,0.05,253.46786,39.7603,53688.062,0
1140070008841,12.46,0.05,253.46756,39.76079,53694.06208,0
1140070008841,12.49,0.05,253.46768,39.76049,53694.06537,0
1140070008841,12.48,0.05,253.46786,39.76035,53694.06856,0
1140070008841,12.5,0.05,253.46787,39.7603,53694.07189,0
1140070008841,12.44,0.05,253.46785,39.76031,53644.13856,0
1140070008841,12.47,0.05,253.46782,39.76029,53644.14511,0
1140070008841,12.45,0.05,253.46789,39.76037,53644.15164,0
1140070008841,12.49,0.05,253.46793,39.7603,53644.1582,0
1140070008841,12.53,0.05,253.46783,39.7603,53657.11685,0
1140070008841,12.48,0.05,253.46784,39.76028,53657.12337,0
1140070008841,12.5,0.05,253.46778,39.7603,53657.12973,0
1140070008841,12.51,0.05,253.46788,39.76028,53657.13609,0
1140070008841,12.52,0.05,253.46791,39.76031,53834.2999,0
1140070008841,12.53,0.05,253.46786,39.76038,53834.30766,0
1140070008841,12.52,0.05,253.46788,39.76035,53834.3154,0
1140070008841,12.47,0.05,253.46788,39.76029,53834.32312,0
1140070008841,12.46,0.05,253.46784,39.76026,53848.39652,0
1140070008841,12.48,0.05,253.46781,39.76031,53848.40748,0
1140070008841,12.46,0.05,253.46784,39.76032,53848.41853,0
1140070008841,12.46,0.05,253.46787,39.7603,53848.4295,0
1140070008841,12.47,0.05,253.46786,39.76034,53854.46237,0
1140070008841,12.46,0.05,253.46781,39.76033,53854.47429,0
1140070008841,12.49,0.05,253.46785,39.76031,53854.48027,0
1140070008841,12.5,0.05,253.46786,39.76028,53855.437,0
1140070008841,12.46,0.05,253.46781,39.76033,53855.44436,0
1140070008841,12.49,0.05,253.46784,39.76033,53855.45176,0
1140070008841,12.48,0.05,253.46788,39.76029,53855.45889,0
1140070008841,12.57,0.06,253.46793,39.7603,53891.32038,0
1140070008841,12.51,0.06,253.4679,39.76035,53891.32202,0
1140070008841,12.55,0.06,253.46786,39.76024,53891.32356,0
1140070008841,12.56,0.06,253.46786,39.76041,53891.32503,0
1140070008841,12.61,0.06,253.46795,39.76024,53901.43575,0
1140070008841,12.6,0.06,253.4679,39.76029,53901.43672,0
1140070008841,12.59,0.06,253.46787,39.76036,53901.43786,0
1140070008841,12.61,0.06,253.46784,39.76032,53901.43883,0
1140070008841,12.45,0.05,253.46782,39.76034,53796.4777,0
1140070008841,12.44,0.05,253.46784,39.76031,53796.48416,0
1140070008841,12.43,0.05,253.46779,39.76032,53796.49062,0
1140070008841,12.45,0.05,253.46786,39.76026,53796.4971,0
1140070008841,12.44,0.05,253.46785,39.76029,53862.38383,0
1140070008841,12.46,0.05,253.46788,39.76029,53862.39153,0
1140070008841,12.47,0.05,253.46784,39.76031,53862.39863,0
1140070008841,12.46,0.05,253.46782,39.76034,53862.40556,0
1140070008841,12.37,0.05,253.46783,39.76033,53883.40773,0
1140070008841,12.45,0.05,253.46785,39.76031,53883.41514,0
1140070008841,12.46,0.05,253.46785,39.76028,53883.42256,0
1140070008841,12.46,0.05,253.46781,39.7603,53883.42992,0
1140070008841,12.63,0.05,253.46773,39.76025,53995.15995,0
1140070008841,12.65,0.05,253.46773,39.76025,53995.16957,0
1140070008841,12.63,0.05,253.46774,39.76025,53995.17916,0
1140070008841,12.48,0.05,253.46788,39.76028,53995.18877,0
1140070008841,12.62,0.05,253.46774,39.76026,54003.15589,0
1140070008841,12.64,0.05,253.46776,39.76024,54003.16231,0
1140070008841,12.61,0.05,253.46775,39.76024,54003.16878,0
1140070008841,12.62,0.05,253.46779,39.76024,54003.1752,0
1140070008841,12.64,0.05,253.46772,39.76026,54208.44309,0
1140070008841,12.63,0.05,253.46776,39.76023,54208.45237,0
1140070008841,12.65,0.05,253.46775,39.76026,54208.46237,0
1140070008841,12.66,0.05,253.46776,39.76024,54208.47185,0
1140070008841,12.7,0.05,253.46774,39.76023,54157.44945,0
1140070008841,12.69,0.05,253.46774,39.76026,54157.45867,0
1140070008841,12.67,0.05,253.46776,39.76023,54157.46794,0
1140070008841,12.58,0.05,253.46783,39.76027,54157.47719,0
1140070008841,12.71,0.05,253.46776,39.76029,54286.16434,0
1140070008841,12.68,0.05,253.46774,39.76026,54286.17309,0
1140070008841,12.6,0.05,253.46775,39.76027,54286.18181,0
1140070008841,12.71,0.05,253.46773,39.76027,54286.19057,0
1140070008841,12.65,0.05,253.46772,39.76023,54295.28931,0
1140070008841,12.57,0.05,253.46775,39.76029,54295.2948,0
1140070008841,12.68,0.05,253.46775,39.76021,54295.30027,0
1140070008841,12.64,0.05,253.46775,39.76025,54295.30574,0
1140070008841,12.55,0.05,253.46778,39.76025,54261.3289,0
1140070008841,12.45,0.05,253.4678,39.76027,54261.33711,0
1140070008841,12.55,0.05,253.46783,39.76026,54261.3453,0
1140070008841,12.54,0.05,253.46786,39.76025,54261.35341,0
1140070008841,12.53,0.05,253.46783,39.76026,54273.32832,0
1140070008841,12.54,0.05,253.46786,39.7602,54273.33599,0
1140070008841,12.56,0.05,253.46786,39.76024,54273.36158,0
1140070008841,12.7,0.05,253.46777,39.76024,54279.31352,0
1140070008841,12.6,0.05,253.46786,39.76026,54279.32002,0
1140070008841,12.71,0.05,253.46774,39.76022,54279.3265,0
1140070008841,12.56,0.05,253.46782,39.76026,54279.333,0
1140070008841,12.72,0.05,253.46778,39.76024,54177.46658,0
1140070008841,12.64,0.05,253.46774,39.76025,54177.47594,0
1140070008841,12.57,0.05,253.46788,39.76027,54177.48525,0
1140070008841,12.68,0.05,253.46777,39.76025,54177.49558,0
1140070008841,12.66,0.05,253.46777,39.76025,54228.41689,0
1140070008841,12.64,0.05,253.46776,39.76025,54228.42537,0
1140070008841,12.58,0.05,253.46788,39.76024,54228.43312,0
1140070008841,12.67,0.05,253.46774,39.76025,54228.44055,0
1140070008841,12.63,0.05,253.46777,39.76027,54235.31094,0
1140070008841,12.64,0.05,253.46775,39.76025,54235.31636,0
1140070008841,12.62,0.05,253.46777,39.76024,54235.32177,0
1140070008841,12.64,0.05,253.46778,39.76025,54235.32715,0
1140070008841,12.63,0.05,253.46772,39.76025,54246.35157,0
1140070008841,12.54,0.05,253.46783,39.76027,54246.36155,0
1140070008841,12.66,0.05,253.46774,39.76026,54246.37111,0
1140070008841,12.69,0.05,253.46777,39.76025,54246.38018,0
1140070008841,12.51,0.05,253.46804,39.76063,54406.08127,0
1140070008841,12.52,0.05,253.46809,39.76079,54406.08558,0
1140070008841,12.62,0.05,253.46799,39.76077,54406.08988,0
1140070008841,12.52,0.05,253.46814,39.76071,54406.09419,0
1140070008841,12.65,0.05,253.46785,39.76064,54407.0847,0
1140070008841,12.58,0.05,253.46772,39.7605,54407.08854,0
1140070008841,12.6,0.05,253.46777,39.76049,54407.09241,0
1140070008841,12.65,0.05,253.4677,39.76075,54407.09626,0
1140070008841,12.6,0.05,253.46786,39.76099,54385.10633,0
1140070008841,12.65,0.05,253.46849,39.76104,54385.11067,0
1140070008841,12.58,0.05,253.46788,39.76092,54385.11501,0
1140070008841,12.62,0.05,253.46825,39.76063,54385.11931,0
1140070008841,12.61,0.05,253.46808,39.76102,54392.10292,0
1140070008841,12.62,0.05,253.46801,39.76086,54392.10743,0
1140070008841,12.62,0.05,253.46787,39.76095,54392.11192,0
1140070008841,12.62,0.05,253.46789,39.76105,54392.11641,0
1140070008841,12.63,0.05,253.46775,39.76024,54363.13104,0
1140070008841,12.63,0.05,253.46776,39.76027,54363.1381,0
1140070008841,12.62,0.05,253.46776,39.76022,54363.14515,0
1140070008841,12.65,0.05,253.46774,39.76021,54363.15221,0
1140070008841,12.65,0.05,253.46775,39.76063,54568.46114,0
1140070008841,12.65,0.05,253.46785,39.76033,54568.46674,0
1140070008841,12.61,0.05,253.46788,39.76084,54568.47223,0
1140070008841,12.68,0.05,253.46809,39.76075,54568.47773,0
1140070008841,12.71,0.05,253.46775,39.76071,54569.46818,0
1140070008841,12.67,0.05,253.46789,39.76067,54569.47265,0
1140070008841,12.65,0.05,253.46767,39.76067,54569.4771,0
1140070008841,12.66,0.05,253.46773,39.76068,54569.48155,0
1140070008841,12.64,0.05,253.46787,39.76121,54585.43589,0
1140070008841,12.65,0.05,253.46779,39.76079,54585.44241,0
1140070008841,12.66,0.05,253.46775,39.7606,54585.44874,0
1140070008841,12.51,0.05,253.46785,39.76029,54627.36541,0
1140070008841,12.53,0.05,253.46788,39.76025,54627.37424,0
1140070008841,12.54,0.05,253.46788,39.76028,54627.38287,0
1140070008841,12.67,0.05,253.46779,39.76027,54627.3916,0
1140070008841,12.68,0.05,253.46781,39.76026,54641.38457,0
1140070008841,12.56,0.05,253.46791,39.76025,54641.39007,0
1140070008841,12.52,0.05,253.46787,39.76027,54641.39556,0
1140070008841,12.53,0.05,253.46791,39.76029,54641.40106,0
1140070008841,12.67,0.05,253.46783,39.76071,54531.48505,0
1140070008841,12.69,0.05,253.46794,39.76055,54531.49276,0
1140070008841,12.64,0.05,253.46784,39.7606,54531.50054,0
1140070008841,12.63,0.05,253.46798,39.76089,54531.50845,0
1140070008841,12.67,0.05,253.46801,39.76058,54596.30786,0
1140070008841,12.64,0.05,253.46802,39.76099,54596.31555,0
1140070008841,12.65,0.05,253.4679,39.76084,54596.32331,0
1140070008841,12.66,0.05,253.46792,39.76074,54596.33105,0
1140070008841,12.72,0.05,253.4676,39.76019,54748.08867,0
1140070008841,12.69,0.05,253.46762,39.7602,54748.09601,0
1140070008841,12.68,0.05,253.46759,39.76022,54748.10326,0
1140070008841,12.64,0.05,253.46766,39.76022,54748.11065,0
1140070008841,12.63,0.05,253.46761,39.76026,54923.43689,0
1140070008841,12.49,0.05,253.46773,39.7603,54923.44231,0
1140070008841,12.62,0.05,253.46761,39.76024,54923.44778,0
1140070008841,12.66,0.05,253.46759,39.76025,54923.45324,0
1140070008841,12.53,0.05,253.46773,39.76023,54943.4393,0
1140070008841,12.61,0.05,253.4676,39.76021,54943.44466,0
1140070008841,12.47,0.05,253.46772,39.76027,54943.45008,0
1140070008841,12.61,0.05,253.46759,39.76025,54943.45555,0
1140070008841,12.68,0.05,253.46761,39.76025,54890.51843,0
1140070008841,12.66,0.05,253.46764,39.76025,54890.52176,0
1140070008841,12.68,0.05,253.4676,39.76024,54890.52506,0
1140070008841,12.78,0.05,253.46752,39.76023,54890.52838,0
1140070008841,12.66,0.05,253.4676,39.76025,55003.37393,0
1140070008841,12.68,0.05,253.46761,39.76023,55003.37871,0
1140070008841,12.66,0.05,253.4676,39.76023,55003.38349,0
1140070008841,12.66,0.05,253.46761,39.76024,55003.3883,0
1140070008841,12.67,0.05,253.46762,39.76024,54915.44694,0
1140070008841,12.71,0.05,253.4676,39.76024,54915.4543,0
1140070008841,12.65,0.05,253.46763,39.76026,54915.46182,0
1140070008841,12.66,0.05,253.46762,39.76022,54915.46934,0
1140070008841,12.66,0.05,253.46761,39.76023,54954.43131,0
1140070008841,12.63,0.05,253.46761,39.76021,54954.45324,0
1140070008841,12.68,0.05,253.46759,39.76024,54955.4194,0
1140070008841,12.66,0.05,253.46762,39.76022,54955.42659,0
1140070008841,12.66,0.05,253.46761,39.76024,54955.43385,0
1140070008841,12.64,0.05,253.46763,39.76021,54955.44112,0
1140070008841,12.68,0.05,253.46762,39.76022,54967.34918,0
1140070008841,12.71,0.05,253.4676,39.76024,54967.35902,0
1140070008841,12.72,0.05,253.4676,39.76022,54967.36839,0
1140070008841,12.67,0.05,253.46761,39.76023,54967.3771,0
1140070008841,12.62,0.05,253.46761,39.76022,54979.35766,0
1140070008841,12.62,0.05,253.46762,39.76024,54979.36485,0
1140070008841,12.67,0.05,253.46759,39.76023,54979.37218,0
1140070008841,12.63,0.05,253.46762,39.76024,54979.37942,0
1140070008841,12.63,0.05,253.46759,39.76025,55085.16085,0
1140070008841,12.68,0.05,253.46759,39.76027,55085.16479,0
1140070008841,12.71,0.05,253.4676,39.76025,55085.16873,0
1140070008841,12.7,0.05,253.4676,39.76024,55085.1727,0
1140070008841,12.66,0.05,253.46763,39.76024,55091.16203,0
1140070008841,12.67,0.05,253.46761,39.76026,55091.16696,0
1140070008841,12.49,0.05,253.46779,39.7602,55091.17183,0
1140070008841,12.65,0.05,253.46763,39.76023,55091.17672,0
1140070008841,12.69,0.05,253.46755,39.76025,55104.11591,0
1140070008841,12.73,0.05,253.46756,39.76027,55104.12086,0
1140070008841,12.63,0.05,253.46755,39.76025,55104.12583,0
1140070008841,12.66,0.05,253.46761,39.76026,55104.13081,0
1140070008841,12.59,0.05,253.46758,39.76025,55300.44413,0
1140070008841,12.45,0.05,253.46776,39.76029,55300.45162,0
1140070008841,12.59,0.05,253.46759,39.76025,55300.4595,0
1140070008841,12.62,0.05,253.46759,39.76025,55300.4676,0
1140070008841,12.65,0.05,253.46761,39.76025,55350.38508,0
1140070008841,12.66,0.05,253.46759,39.76027,55350.39081,0
1140070008841,12.58,0.05,253.46764,39.76025,55350.39658,0
1140070008841,12.67,0.05,253.46765,39.76027,55350.40236,0
1140070008841,12.59,0.05,253.46759,39.76022,55364.30103,0
1140070008841,12.55,0.05,253.46761,39.76024,55364.30675,0
1140070008841,12.56,0.05,253.4676,39.76021,55364.31249,0
1140070008841,12.55,0.05,253.46759,39.76024,55364.31819,0
1140070008841,12.63,0.05,253.46763,39.76026,55368.29946,0
1140070008841,12.56,0.05,253.46762,39.76025,55368.30631,0
1140070008841,12.59,0.05,253.4676,39.76024,55368.31319,0
1140070008841,12.52,0.05,253.46774,39.76026,55368.3201,0
1140070008841,12.63,0.05,253.46762,39.76023,55330.38316,0
1140070008841,12.62,0.05,253.4676,39.76025,55330.38884,0
1140070008841,12.61,0.05,253.46761,39.76022,55330.3945,0
1140070008841,12.6,0.05,253.4676,39.76024,55330.4002,0
1140070008841,12.53,0.05,253.46769,39.76025,55341.37245,0
1140070008841,12.59,0.05,253.46763,39.76024,55341.37815,0
1140070008841,12.6,0.05,253.46763,39.76024,55341.38394,0
1140070008841,12.62,0.05,253.46757,39.76022,55341.3896,0
1140070008841,12.62,0.05,253.46757,39.76023,55502.07965,0
1140070008841,12.63,0.05,253.4676,39.76023,55502.08654,0
1140070008841,12.63,0.05,253.4676,39.76025,55502.08992,0
1140070008841,12.57,0.05,253.46775,39.76021,55456.16038,0
1140070008841,12.6,0.05,253.46761,39.76045,55456.17378,0
1140070008841,12.57,0.05,253.4677,39.76029,55456.18049,0
1140070008841,12.68,0.05,253.46762,39.76024,55652.4085,0
1140070008841,12.62,0.05,253.4676,39.76023,55652.41538,0
1140070008841,12.66,0.05,253.46762,39.76024,55652.42233,0
1140070008841,12.66,0.05,253.46758,39.76021,55652.4293,0
1140070008841,12.63,0.05,253.46779,39.76052,55677.37557,0
1140070008841,12.67,0.05,253.46768,39.76064,55677.38289,0
1140070008841,12.61,0.05,253.46776,39.7605,55677.39042,0
1140070008841,12.62,0.05,253.46766,39.76071,55677.3989,0
1140070008841,12.66,0.05,253.46781,39.76057,55678.34411,0
1140070008841,12.63,0.05,253.46777,39.76057,55678.34923,0
1140070008841,12.67,0.05,253.46776,39.7606,55678.35445,0
1140070008841,12.67,0.05,253.46787,39.76044,55678.3596,0
1140070008841,12.62,0.05,253.4676,39.7602,55714.34043,0
1140070008841,12.65,0.05,253.46762,39.76018,55714.3499,0
1140070008841,12.64,0.05,253.46763,39.76019,55714.36592,0
1140070008841,12.63,0.05,253.4676,39.76021,55714.37106,0
1140070008841,12.54,0.05,253.46747,39.76021,55721.36715,0
1140070008841,12.6,0.05,253.4676,39.7602,55721.37589,0
1140070008841,12.64,0.05,253.46763,39.76021,55721.38464,0
1140070008841,12.66,0.05,253.46759,39.7602,55721.39338,0
1140070008841,12.61,0.05,253.46763,39.76019,55688.42297,0
1140070008841,12.61,0.05,253.46761,39.76021,55688.42936,0
1140070008841,12.61,0.05,253.46763,39.7602,55688.43579,0
1140070008841,12.6,0.05,253.46762,39.76022,55688.44221,0
1140070008841,12.53,0.05,253.46777,39.76024,55857.10906,0
1140070008841,12.67,0.05,253.4676,39.7602,55857.11532,0
1140070008841,12.68,0.05,253.46764,39.76019,55857.12159,0
1140070008841,12.69,0.05,253.46763,39.76023,55857.12782,0
1140070008841,12.69,0.05,253.46764,39.76017,56008.43188,0
1140070008841,12.64,0.05,253.46759,39.76021,56008.43925,0
1140070008841,12.5,0.05,253.46775,39.76027,56008.4467,0
1140070008841,12.53,0.05,253.46773,39.76027,56008.45414,0
1140070008841,12.65,0.05,253.46761,39.76019,56019.36847,0
1140070008841,12.54,0.05,253.46775,39.76017,56019.38042,0
1140070008841,12.52,0.05,253.46775,39.76023,56019.3923,0
1140070008841,12.69,0.05,253.46763,39.76018,56019.40421,0
1140070008841,12.68,0.05,253.46761,39.76022,56039.46376,0
1140070008841,12.69,0.05,253.46763,39.76022,56039.4705,0
1140070008841,12.53,0.05,253.46773,39.76025,56039.47731,0
1140070008841,12.72,0.05,253.46765,39.76022,56039.4841,0
1140070008841,12.55,0.05,253.46776,39.76024,56047.41412,0
1140070008841,12.54,0.05,253.46776,39.76021,56047.42215,0
1140070008841,12.54,0.05,253.46778,39.76021,56047.43028,0
1140070008841,12.66,0.05,253.46764,39.7602,56047.43823,0
1140070008841,12.61,0.05,253.46773,39.7602,56065.41122,0
1140070008841,12.71,0.05,253.46763,39.7602,56065.41801,0
1140070008841,12.55,0.05,253.46774,39.76022,56065.42489,0
1140070008841,12.54,0.05,253.4678,39.76019,56065.4317,0
1140070008841,12.69,0.05,253.46764,39.76023,56072.38481,0
1140070008841,12.54,0.05,253.4677,39.76017,56072.38994,0
1140070008841,12.55,0.05,253.46773,39.76024,56072.39503,0
1140070008841,12.54,0.05,253.46775,39.76022,56072.40014,0
1140070008841,12.6,0.05,253.46772,39.76019,56088.38245,0
1140070008841,12.56,0.05,253.46777,39.76021,56088.38816,0
1140070008841,12.7,0.05,253.46763,39.76022,56088.39379,0
1140070008841,12.58,0.05,253.46771,39.7603,56088.39965,0
1140070008841,12.68,0.05,253.46763,39.76018,56100.20324,0
1140070008841,12.61,0.05,253.46779,39.76017,56100.21239,0
1140070008841,12.67,0.05,253.46764,39.76015,56100.22167,0
1140070008841,12.55,0.05,253.46778,39.76023,56100.23108,0
1140070008841,12.71,0.05,253.46758,39.76026,56189.19337,0
1140070008841,12.71,0.05,253.46759,39.76023,56189.198,0
1140070008841,12.68,0.05,253.46752,39.76024,56189.20248,0
1140070008841,12.7,0.05,253.46763,39.76023,56189.20705,0
1140070008841,12.71,0.05,253.46757,39.76018,56195.17329,0
1140070008841,12.68,0.05,253.46762,39.76023,56195.17881,0
1140070008841,12.69,0.05,253.46758,39.76019,56195.18428,0
1140070008841,12.69,0.05,253.4676,39.7602,56195.18982,0
1140070008841,12.7,0.05,253.4676,39.76019,56211.12285,0
1140070008841,12.57,0.05,253.46775,39.76023,56211.13095,0
1140070008841,12.57,0.05,253.46773,39.76022,56211.13913,0
1140070008841,12.69,0.05,253.46762,39.76023,56211.14643,0
1140070008841,12.68,0.05,253.46759,39.76021,56222.07744,0
1140070008841,12.59,0.05,253.46769,39.76018,56222.08247,0
1140070008841,12.71,0.05,253.4676,39.76022,56222.08758,0
1140070008841,12.69,0.05,253.46762,39.76019,56222.09263,0
1140070008841,12.66,0.05,253.46763,39.76019,56375.49536,0
1140070008841,12.65,0.05,253.46759,39.76021,56375.50242,0
1140070008841,12.67,0.05,253.46761,39.76016,56375.50934,0
1140070008841,12.65,0.05,253.46759,39.76018,56375.51566,0
1140070008841,12.63,0.05,253.46761,39.76018,56383.40858,0
1140070008841,12.65,0.05,253.4676,39.76021,56383.41481,0
1140070008841,12.66,0.05,253.4676,39.76018,56383.421,0
1140070008841,12.7,0.05,253.46761,39.76018,56383.42728,0
1140070008841,12.62,0.05,253.46762,39.76021,56396.37672,0
1140070008841,12.67,0.05,253.4676,39.76021,56396.38178,0
1140070008841,12.69,0.05,253.46762,39.7602,56396.38692,0
1140070008841,12.63,0.05,253.4676,39.76019,56396.39206,0
1140070008841,12.69,0.05,253.46763,39.76017,56417.43707,0
1140070008841,12.68,0.05,253.46762,39.7602,56417.44553,0
1140070008841,12.69,0.05,253.4676,39.7602,56417.45179,0
1140070008841,12.68,0.05,253.46761,39.76019,56417.45807,0
1140070008841,12.64,0.05,253.46763,39.76017,56432.39122,0
1140070008841,12.7,0.05,253.46761,39.76019,56432.3969,0
1140070008841,12.65,0.05,253.46764,39.76017,56432.40244,0
1140070008841,12.67,0.05,253.46762,39.76021,56432.40788,0
1140070008841,12.64,0.05,253.46762,39.76019,56448.33511,0
1140070008841,12.69,0.05,253.46761,39.76019,56448.33963,0
1140070008841,12.64,0.05,253.46762,39.76021,56448.34414,0
1140070008841,12.66,0.05,253.46761,39.76019,56448.3487,0
1140070008841,12.67,0.05,253.46765,39.76016,56455.22048,0
1140070008841,12.63,0.05,253.46761,39.76017,56455.22614,0
1140070008841,12.67,0.05,253.46761,39.76018,56455.23183,0
1140070008841,12.66,0.05,253.46763,39.76018,56455.2375,0
1140070008841,12.65,0.05,253.4676,39.7602,56462.33008,0
1140070008841,12.62,0.05,253.46763,39.76019,56462.33518,0
1140070008841,12.65,0.05,253.46759,39.76016,56462.34029,0
1140070008841,12.67,0.05,253.46759,39.76019,56462.34541,0
1140070008841,12.57,0.05,253.46776,39.76021,56471.28617,0
1140070008841,12.54,0.05,253.46773,39.76028,56471.29295,0
1140070008841,12.57,0.05,253.46775,39.76021,56471.29973,0
1140070008841,12.55,0.05,253.46773,39.76022,56471.30646,0
1140070008841,12.65,0.05,253.46764,39.76016,56560.12666,0
1140070008841,12.63,0.05,253.46759,39.76017,56560.13229,0
1140070008841,12.67,0.05,253.4676,39.7602,56560.1379,0
1140070008841,12.69,0.05,253.46763,39.76017,56560.14355,0
1140070008841,12.63,0.05,253.46763,39.76018,56574.12431,0
1140070008841,12.63,0.05,253.46762,39.76018,56574.13039,0
1140070008841,12.65,0.05,253.4676,39.76018,56574.1365,0
1140070008841,12.66,0.05,253.46764,39.76019,56574.14267,0
1140070008841,12.52,0.05,253.46777,39.76015,56580.08361,0
1140070008841,12.69,0.05,253.46763,39.76019,56580.09029,0
1140070008841,12.63,0.05,253.46765,39.76017,56580.09704,0
1140070008841,12.66,0.05,253.46763,39.76014,56580.10369,0
1140070008841,12.62,0.05,253.46761,39.76017,56588.08398,0
1140070008841,12.59,0.05,253.46764,39.76018,56588.09082,0
1140070008841,12.61,0.05,253.46761,39.76017,56588.09763,0
1140070008841,12.63,0.05,253.46759,39.76018,56588.10446,0
